<PAMDataset>
  <PAMRasterBand band="1">
    <Histograms>
      <HistItem>
        <HistMin>0.4951649010181427</HistMin>
        <HistMax>1</HistMax>
        <BucketCount>256</BucketCount>
        <IncludeOutOfRange>1</IncludeOutOfRange>
        <Approximate>0</Approximate>
        <HistCounts>1724|0|0|0|0|0|0|763|0|0|0|0|0|0|438|0|0|0|0|0|0|0|0|0|0|0|0|0|0|0|0|0|0|0|0|0|0|0|0|0|0|0|0|0|0|0|0|0|0|0|0|0|0|0|0|0|0|0|0|0|0|0|0|0|0|0|0|0|0|157|0|0|0|0|0|0|7792|0|0|0|0|0|0|0|0|0|0|0|0|0|0|0|0|0|5|0|0|0|0|0|0|0|0|0|0|0|0|0|0|0|0|0|0|0|0|0|0|0|0|0|0|0|0|0|33|0|0|57|0|0|0|1633|0|0|106|0|0|0|0|0|0|0|0|0|0|0|0|0|0|0|0|0|4651|0|0|0|62|0|0|0|0|0|0|0|0|21142|22|0|0|0|0|0|0|0|14|0|0|0|53|0|0|0|0|0|0|0|0|0|0|0|5|87|0|0|0|0|0|0|0|0|1370|1247|8|1|0|0|0|513|0|697|160|0|0|0|0|0|2|0|0|2|0|0|0|0|0|0|27|165|18|542|0|3|0|0|179|81|0|548|0|0|9|37|0|1|0|2058|1176|7|3845|1037|3610|3431|1816|3978|13709|4127</HistCounts>
      </HistItem>
    </Histograms>
    <Metadata>
      <MDI key="RepresentationType">ATHEMATIC</MDI>
      <MDI key="STATISTICS_COVARIANCES">0.01812916688217109</MDI>
      <MDI key="STATISTICS_EXCLUDEDVALUES"></MDI>
      <MDI key="STATISTICS_MAXIMUM">1</MDI>
      <MDI key="STATISTICS_MEAN">0.87810801699713</MDI>
      <MDI key="STATISTICS_MINIMUM">0.49516490101814</MDI>
      <MDI key="STATISTICS_SKIPFACTORX">1</MDI>
      <MDI key="STATISTICS_SKIPFACTORY">1</MDI>
      <MDI key="STATISTICS_STDDEV">0.13464459470091</MDI>
    </Metadata>
  </PAMRasterBand>
</PAMDataset>
