<metadata xml:lang="en"><Esri><CreaDate>20210228</CreaDate><CreaTime>16040400</CreaTime><ArcGISFormat>1.0</ArcGISFormat><SyncOnce>FALSE</SyncOnce><DataProperties><lineage><Process ToolSource="c:\program files\arcgis\pro\Resources\ArcToolbox\toolboxes\Data Management Tools.tbx\MosaicToNewRaster" Date="20210228" Time="160404">MosaicToNewRaster C:\ShadeModelCorrector\GoodOutputs\subreachRaster187.tif;C:\ShadeModelCorrector\GoodOutputs\subreachRaster196.tif;C:\ShadeModelCorrector\GoodOutputs\subreachRaster198.tif;C:\ShadeModelCorrector\GoodOutputs\subreachRaster208.tif;C:\ShadeModelCorrector\GoodOutputs\subreachRaster209.tif;C:\ShadeModelCorrector\GoodOutputs\subreachRaster211.tif;C:\ShadeModelCorrector\GoodOutputs\subreachRaster212.tif;C:\ShadeModelCorrector\GoodOutputs\subreachRaster213.tif;C:\ShadeModelCorrector\GoodOutputs\subreachRaster224.tif;C:\ShadeModelCorrector\GoodOutputs\subreachRaster225.tif;C:\ShadeModelCorrector\GoodOutputs\subreachRaster229.tif;C:\ShadeModelCorrector\GoodOutputs\subreachRaster230.tif;C:\ShadeModelCorrector\GoodOutputs\subreachRaster231.tif;C:\ShadeModelCorrector\GoodOutputs\subreachRaster245.tif;C:\ShadeModelCorrector\GoodOutputs\subreachRaster247.tif;C:\ShadeModelCorrector\GoodOutputs\subreachRaster248.tif;C:\ShadeModelCorrector\GoodOutputs\subreachRaster251.tif;C:\ShadeModelCorrector\GoodOutputs\subreachRaster252.tif;C:\ShadeModelCorrector\GoodOutputs\subreachRaster253.tif;C:\ShadeModelCorrector\GoodOutputs\subreachRaster267.tif;C:\ShadeModelCorrector\GoodOutputs\subreachRaster268.tif;C:\ShadeModelCorrector\GoodOutputs\subreachRaster269.tif;C:\ShadeModelCorrector\GoodOutputs\subreachRaster270.tif;C:\ShadeModelCorrector\GoodOutputs\subreachRaster271.tif;C:\ShadeModelCorrector\GoodOutputs\subreachRaster289.tif;C:\ShadeModelCorrector\GoodOutputs\subreachRaster290.tif;C:\ShadeModelCorrector\GoodOutputs\subreachRaster291.tif;C:\ShadeModelCorrector\GoodOutputs\subreachRaster292.tif;C:\ShadeModelCorrector\GoodOutputs\subreachRaster293.tif;C:\ShadeModelCorrector\GoodOutputs\subreachRaster295.tif;C:\ShadeModelCorrector\GoodOutputs\subreachRaster296.tif;C:\ShadeModelCorrector\GoodOutputs\subreachRaster308.tif;C:\ShadeModelCorrector\GoodOutputs\subreachRaster309.tif;C:\ShadeModelCorrector\GoodOutputs\subreachRaster318.tif;C:\ShadeModelCorrector\GoodOutputs\subreachRaster328.tif;C:\ShadeModelCorrector\GoodOutputs\subreachRaster329.tif;C:\ShadeModelCorrector\GoodOutputs\subreachRaster345.tif;C:\ShadeModelCorrector\GoodOutputs\subreachRaster346.tif;C:\ShadeModelCorrector\GoodOutputs\subreachRaster355.tif;C:\ShadeModelCorrector\GoodOutputs\subreachRaster356.tif C:\ShadeModelCorrector\ShadeModelHome.gdb canopy_transmissivity PROJCS['NAD_1983_HARN_StatePlane_Washington_South_FIPS_4602_Feet',GEOGCS['GCS_North_American_1983_HARN',DATUM['D_North_American_1983_HARN',SPHEROID['GRS_1980',6378137.0,298.257222101]],PRIMEM['Greenwich',0.0],UNIT['Degree',0.0174532925199433]],PROJECTION['Lambert_Conformal_Conic'],PARAMETER['false_easting',1640416.667],PARAMETER['false_northing',0.0],PARAMETER['central_meridian',-120.5],PARAMETER['standard_parallel_1',45.83333333333334],PARAMETER['standard_parallel_2',47.33333333333334],PARAMETER['latitude_of_origin',45.33333333333334],UNIT['Foot_US',0.3048006096012192]] "32 bit float" 3.2808 1 Mean First</Process><Process ToolSource="c:\program files\arcgis\pro\Resources\ArcToolbox\toolboxes\Data Management Tools.tbx\CopyRaster" Date="20210228" Time="172157">CopyRaster C:\ShadeModelCorrector\ShadeModelHome.gdb\canopy_transmissivity C:\ShadeModelCorrector\canopy_transmissivity.tif # # 3.4e+38 NONE NONE "32 bit float" NONE NONE "TIFF format" NONE CURRENT_SLICE NO_TRANSPOSE</Process></lineage><itemProps><itemName Sync="TRUE">canopy_transmissivity.tif</itemName><itemLocation><linkage Sync="TRUE">file://C:\ShadeModelCorrector\canopy_transmissivity.tif</linkage><protocol Sync="TRUE">Local Area Network</protocol></itemLocation><imsContentType Sync="TRUE">002</imsContentType><nativeExtBox><westBL Sync="TRUE">1196979.193014</westBL><eastBL Sync="TRUE">1199554.621014</eastBL><southBL Sync="TRUE">1299189.312169</southBL><northBL Sync="TRUE">1301374.324969</northBL><exTypeCode Sync="TRUE">1</exTypeCode></nativeExtBox></itemProps><coordRef><type Sync="TRUE">Projected</type><geogcsn Sync="TRUE">GCS_North_American_1983_HARN</geogcsn><csUnits Sync="TRUE">Linear Unit: Foot_US (0.304801)</csUnits><projcsn Sync="TRUE">NAD_1983_HARN_StatePlane_Washington_South_FIPS_4602_Feet</projcsn><peXml Sync="TRUE">&lt;ProjectedCoordinateSystem xsi:type='typens:ProjectedCoordinateSystem' xmlns:xsi='http://www.w3.org/2001/XMLSchema-instance' xmlns:xs='http://www.w3.org/2001/XMLSchema' xmlns:typens='http://www.esri.com/schemas/ArcGIS/2.5.0'&gt;&lt;WKT&gt;PROJCS[&amp;quot;NAD_1983_HARN_StatePlane_Washington_South_FIPS_4602_Feet&amp;quot;,GEOGCS[&amp;quot;GCS_North_American_1983_HARN&amp;quot;,DATUM[&amp;quot;D_North_American_1983_HARN&amp;quot;,SPHEROID[&amp;quot;GRS_1980&amp;quot;,6378137.0,298.257222101]],PRIMEM[&amp;quot;Greenwich&amp;quot;,0.0],UNIT[&amp;quot;Degree&amp;quot;,0.0174532925199433]],PROJECTION[&amp;quot;Lambert_Conformal_Conic&amp;quot;],PARAMETER[&amp;quot;false_easting&amp;quot;,1640416.667],PARAMETER[&amp;quot;false_northing&amp;quot;,0.0],PARAMETER[&amp;quot;central_meridian&amp;quot;,-120.5],PARAMETER[&amp;quot;standard_parallel_1&amp;quot;,45.83333333333334],PARAMETER[&amp;quot;standard_parallel_2&amp;quot;,47.33333333333334],PARAMETER[&amp;quot;latitude_of_origin&amp;quot;,45.33333333333334],UNIT[&amp;quot;Foot_US&amp;quot;,0.3048006096012192]]&lt;/WKT&gt;&lt;XOrigin&gt;-117498300&lt;/XOrigin&gt;&lt;YOrigin&gt;-98850300&lt;/YOrigin&gt;&lt;XYScale&gt;37801315.839189909&lt;/XYScale&gt;&lt;ZOrigin&gt;-100000&lt;/ZOrigin&gt;&lt;ZScale&gt;10000&lt;/ZScale&gt;&lt;MOrigin&gt;-100000&lt;/MOrigin&gt;&lt;MScale&gt;10000&lt;/MScale&gt;&lt;XYTolerance&gt;0.0032808333333333331&lt;/XYTolerance&gt;&lt;ZTolerance&gt;0.001&lt;/ZTolerance&gt;&lt;MTolerance&gt;0.001&lt;/MTolerance&gt;&lt;HighPrecision&gt;true&lt;/HighPrecision&gt;&lt;/ProjectedCoordinateSystem&gt;</peXml></coordRef><RasterProperties><General><PixelDepth Sync="TRUE">32</PixelDepth><HasColormap Sync="TRUE">FALSE</HasColormap><CompressionType Sync="TRUE">LZW</CompressionType><NumBands Sync="TRUE">1</NumBands><Format Sync="TRUE">TIFF</Format><HasPyramids Sync="TRUE">TRUE</HasPyramids><SourceType Sync="TRUE">continuous</SourceType><PixelType Sync="TRUE">floating point</PixelType><NoDataValue Sync="TRUE">3.4e+38</NoDataValue></General></RasterProperties></DataProperties><SyncDate>20210228</SyncDate><SyncTime>17215700</SyncTime><ModDate>20210228</ModDate><ModTime>17215700</ModTime></Esri><dataIdInfo><envirDesc Sync="TRUE">Microsoft Windows 10 Version 10.0 (Build 19041) ; Esri ArcGIS 12.5.1.22081</envirDesc><dataLang><languageCode value="eng" Sync="TRUE"></languageCode><countryCode value="USA" Sync="TRUE"></countryCode></dataLang><idCitation><resTitle Sync="TRUE">canopy_transmissivity.tif</resTitle><presForm><PresFormCd value="005" Sync="TRUE"></PresFormCd></presForm></idCitation><spatRpType><SpatRepTypCd value="002" Sync="TRUE"></SpatRepTypCd></spatRpType><dataExt><geoEle><GeoBndBox esriExtentType="search"><exTypeCode Sync="TRUE">1</exTypeCode><westBL Sync="TRUE">-122.341803</westBL><eastBL Sync="TRUE">-122.330899</eastBL><northBL Sync="TRUE">48.886834</northBL><southBL Sync="TRUE">48.880687</southBL></GeoBndBox></geoEle></dataExt></dataIdInfo><mdLang><languageCode value="eng" Sync="TRUE"></languageCode><countryCode value="USA" Sync="TRUE"></countryCode></mdLang><distInfo><distFormat><formatName Sync="TRUE">Raster Dataset</formatName></distFormat></distInfo><mdHrLv><ScopeCd value="005" Sync="TRUE"></ScopeCd></mdHrLv><mdHrLvName Sync="TRUE">dataset</mdHrLvName><refSysInfo><RefSystem><refSysID><identCode code="0" Sync="TRUE"></identCode></refSysID></RefSystem></refSysInfo><spatRepInfo><Georect><cellGeo><CellGeoCd Sync="TRUE" value="002"></CellGeoCd></cellGeo><numDims Sync="TRUE">2</numDims><tranParaAv Sync="TRUE">1</tranParaAv><chkPtAv Sync="TRUE">0</chkPtAv><cornerPts><pos Sync="TRUE">1196979.193014 1299189.312169</pos></cornerPts><cornerPts><pos Sync="TRUE">1196979.193014 1301374.324969</pos></cornerPts><cornerPts><pos Sync="TRUE">1199554.621014 1301374.324969</pos></cornerPts><cornerPts><pos Sync="TRUE">1199554.621014 1299189.312169</pos></cornerPts><centerPt><pos Sync="TRUE">1198266.907014 1300281.818569</pos></centerPt><axisDimension type="002"><dimSize Sync="TRUE">785</dimSize><dimResol><value Sync="TRUE" uom="ftUS">3.280800</value></dimResol></axisDimension><axisDimension type="001"><dimSize Sync="TRUE">666</dimSize><dimResol><value Sync="TRUE" uom="ftUS">3.280800</value></dimResol></axisDimension><ptInPixel><PixOrientCd Sync="TRUE" value="001"></PixOrientCd></ptInPixel></Georect></spatRepInfo><contInfo><ImgDesc><contentTyp><ContentTypCd Sync="TRUE" value="001"></ContentTypCd></contentTyp><covDim><Band><dimDescrp Sync="TRUE">Band_1</dimDescrp><maxVal Sync="TRUE">1.000000</maxVal><minVal Sync="TRUE">0.495165</minVal><bitsPerVal Sync="TRUE">32</bitsPerVal><valUnit><UOM type="length"></UOM></valUnit></Band></covDim></ImgDesc></contInfo><mdDateSt Sync="TRUE">20210228</mdDateSt></metadata>
