<PAMDataset>
  <PAMRasterBand band="1">
    <Histograms>
      <HistItem>
        <HistMin>0</HistMin>
        <HistMax>3.126059770584106</HistMax>
        <BucketCount>256</BucketCount>
        <IncludeOutOfRange>1</IncludeOutOfRange>
        <Approximate>0</Approximate>
        <HistCounts>339|13|6|15|7|7|5|5|6|7|2|0|3|4|6|1|1|3|2|7|2|1|5|6|2|3|3|2|1|1|2|5|2|2|2|2|4|2|4|1|0|2|1|0|3|5|2|1|2|0|0|1|1|1|3|1|1|1|1|2|2|2|1|3|4|1|2|1|3|1|0|2|5|1|0|2|1|3|4|7|3|2|3|2|1|1|3|4|2|0|4|1|3|2|0|2|3|2|4|4|4|2|3|2|3|3|3|5|2|1|5|3|3|3|3|2|3|1|1|5|2|5|2|2|1|1|3|3|2|1|2|0|1|2|3|1|3|2|4|1|3|1|2|4|3|1|1|1|4|3|1|2|0|4|2|3|3|0|3|1|1|1|1|3|1|1|1|1|2|0|1|0|0|0|0|0|0|1|1|0|0|0|0|0|0|0|0|0|0|0|0|0|0|0|0|0|0|0|0|0|0|0|0|0|0|0|0|0|0|0|0|0|0|1|0|0|0|0|0|0|0|0|0|0|0|0|0|0|0|0|0|0|0|0|0|0|0|0|0|0|0|0|0|0|0|0|0|0|0|0|0|0|0|0|0|1</HistCounts>
      </HistItem>
    </Histograms>
    <Metadata>
      <MDI key="RepresentationType">ATHEMATIC</MDI>
      <MDI key="STATISTICS_COVARIANCES">0.442302917878387</MDI>
      <MDI key="STATISTICS_EXCLUDEDVALUES"></MDI>
      <MDI key="STATISTICS_MAXIMUM">3.1260597705841</MDI>
      <MDI key="STATISTICS_MEAN">0.51061835498929</MDI>
      <MDI key="STATISTICS_MINIMUM">-0</MDI>
      <MDI key="STATISTICS_SKIPFACTORX">1</MDI>
      <MDI key="STATISTICS_SKIPFACTORY">1</MDI>
      <MDI key="STATISTICS_STDDEV">0.6650585822906</MDI>
    </Metadata>
  </PAMRasterBand>
</PAMDataset>
