<metadata xml:lang="en"><Esri><CreaDate>20210227</CreaDate><CreaTime>22503800</CreaTime><ArcGISFormat>1.0</ArcGISFormat><SyncOnce>FALSE</SyncOnce><DataProperties><itemProps><itemName Sync="TRUE">RiverArea_Demo</itemName><imsContentType Sync="TRUE">002</imsContentType><itemLocation><linkage Sync="TRUE">file://\\FIREFLY-ASTREA\C$\ShadeModelCorrector\RiverArea_Demo.shp</linkage><protocol Sync="TRUE">Local Area Network</protocol></itemLocation><itemSize Sync="TRUE">0.000</itemSize></itemProps><coordRef><type Sync="TRUE">Projected</type><geogcsn Sync="TRUE">GCS_North_American_1983_HARN</geogcsn><csUnits Sync="TRUE">Linear Unit: Foot_US (0.304801)</csUnits><projcsn Sync="TRUE">NAD_1983_HARN_StatePlane_Washington_South_FIPS_4602_Feet</projcsn><peXml Sync="TRUE">&lt;ProjectedCoordinateSystem xsi:type='typens:ProjectedCoordinateSystem' xmlns:xsi='http://www.w3.org/2001/XMLSchema-instance' xmlns:xs='http://www.w3.org/2001/XMLSchema' xmlns:typens='http://www.esri.com/schemas/ArcGIS/2.5.0'&gt;&lt;WKT&gt;PROJCS[&amp;quot;NAD_1983_HARN_StatePlane_Washington_South_FIPS_4602_Feet&amp;quot;,GEOGCS[&amp;quot;GCS_North_American_1983_HARN&amp;quot;,DATUM[&amp;quot;D_North_American_1983_HARN&amp;quot;,SPHEROID[&amp;quot;GRS_1980&amp;quot;,6378137.0,298.257222101]],PRIMEM[&amp;quot;Greenwich&amp;quot;,0.0],UNIT[&amp;quot;Degree&amp;quot;,0.0174532925199433]],PROJECTION[&amp;quot;Lambert_Conformal_Conic&amp;quot;],PARAMETER[&amp;quot;False_Easting&amp;quot;,1640416.666666667],PARAMETER[&amp;quot;False_Northing&amp;quot;,0.0],PARAMETER[&amp;quot;Central_Meridian&amp;quot;,-120.5],PARAMETER[&amp;quot;Standard_Parallel_1&amp;quot;,45.83333333333334],PARAMETER[&amp;quot;Standard_Parallel_2&amp;quot;,47.33333333333334],PARAMETER[&amp;quot;Latitude_Of_Origin&amp;quot;,45.33333333333334],UNIT[&amp;quot;Foot_US&amp;quot;,0.3048006096012192],AUTHORITY[&amp;quot;EPSG&amp;quot;,2927]]&lt;/WKT&gt;&lt;XOrigin&gt;-117498300&lt;/XOrigin&gt;&lt;YOrigin&gt;-98850300&lt;/YOrigin&gt;&lt;XYScale&gt;37801315.839189909&lt;/XYScale&gt;&lt;ZOrigin&gt;-100000&lt;/ZOrigin&gt;&lt;ZScale&gt;10000&lt;/ZScale&gt;&lt;MOrigin&gt;-100000&lt;/MOrigin&gt;&lt;MScale&gt;10000&lt;/MScale&gt;&lt;XYTolerance&gt;0.0032808333333333331&lt;/XYTolerance&gt;&lt;ZTolerance&gt;0.001&lt;/ZTolerance&gt;&lt;MTolerance&gt;0.001&lt;/MTolerance&gt;&lt;HighPrecision&gt;true&lt;/HighPrecision&gt;&lt;WKID&gt;2927&lt;/WKID&gt;&lt;LatestWKID&gt;2927&lt;/LatestWKID&gt;&lt;/ProjectedCoordinateSystem&gt;</peXml></coordRef><lineage><Process ToolSource="c:\program files\arcgis\pro\Resources\ArcToolbox\toolboxes\Conversion Tools.tbx\FeatureClassToFeatureClass" Date="20200619" Time="204935">FeatureClassToFeatureClass water_area G:\tatumj\WinterSpring2020Processing\ScratchMap\ScratchMap.gdb temp # "ID "ID" true true false 32 Double 0 32,First,#,water_area,ID,-1,-1" #</Process><Process ToolSource="c:\program files\arcgis\pro\Resources\ArcToolbox\toolboxes\Data Management Tools.tbx\Merge" Date="20200619" Time="205014">Merge temp;water_area G:\tatumj\WinterSpring2020Processing\ScratchMap\ScratchMap.gdb\water_area_edited "ID "ID" true true false 8 Double 0 0,First,#,temp,ID,-1,-1,water_area,ID,-1,-1;InPoly_FID "InPoly_FID" true true false 4 Long 0 0,First,#,temp,InPoly_FID,-1,-1;SmoPgnFlag "SmoPgnFlag" true true false 2 Short 0 0,First,#,temp,SmoPgnFlag,-1,-1;Shape_Length "Shape_Length" false true true 8 Double 0 0,First,#,temp,Shape_Length,-1,-1;Shape_Area "Shape_Area" false true true 8 Double 0 0,First,#,temp,Shape_Area,-1,-1" NO_SOURCE_INFO</Process><Process ToolSource="c:\program files\arcgis\pro\Resources\ArcToolbox\toolboxes\Cartography Tools.tbx\SmoothPolygon" Date="20200621" Time="145814">SmoothPolygon water_area_edited G:\tatumj\WinterSpring2020Processing\ScratchMap\Prelimary_Deliverables.gdb\StreamArea_cart "Polynomial Approximation with Exponential Kernel (PAEK)" "30 Feet" FIXED_ENDPOINT "Do not check for topological errors" #</Process><Process ToolSource="c:\program files\arcgis\pro\Resources\ArcToolbox\toolboxes\Conversion Tools.tbx\FeatureClassToFeatureClass" Date="20200623" Time="172153">FeatureClassToFeatureClass StreamArea_cart G:\tatumj\Deliverables_2020\GIS_layers\Hydrology StreamArea_cart.shp # "ID "ID" true true false 8 Double 0 0,First,#,StreamArea_cart,ID,-1,-1;InPoly_FID "InPoly_FID" true true false 4 Long 0 0,First,#,StreamArea_cart,InPoly_FID,-1,-1;SmoPgnFlag "SmoPgnFlag" true true false 2 Short 0 0,First,#,StreamArea_cart,SmoPgnFlag,-1,-1;Shape_Leng "Shape_Length" false true true 8 Double 0 0,First,#,StreamArea_cart,Shape_Length,-1,-1;Shape_Area "Shape_Area" false true true 8 Double 0 0,First,#,StreamArea_cart,Shape_Area,-1,-1" #</Process><Process ToolSource="c:\program files\arcgis\pro\Resources\ArcToolbox\toolboxes\Conversion Tools.tbx\FeatureClassToFeatureClass" Date="20200716" Time="143820">FeatureClassToFeatureClass StreamArea_cart G:\tatumj\WinterSpring2020Processing\LidarJuly2020\lidarjuly2020.gdb StreamArea_toedit # "ID "ID" true true false 19 Double 0 0,First,#,StreamArea_cart,ID,-1,-1;InPoly_FID "InPoly_FID" true true false 10 Long 0 10,First,#,StreamArea_cart,InPoly_FID,-1,-1;SmoPgnFlag "SmoPgnFlag" true true false 5 Long 0 5,First,#,StreamArea_cart,SmoPgnFlag,-1,-1;Shape_Leng "Shape_Leng" true true false 19 Double 0 0,First,#,StreamArea_cart,Shape_Leng,-1,-1;Shape_Area "Shape_Area" true true false 19 Double 0 0,First,#,StreamArea_cart,Shape_Area,-1,-1" #</Process><Process ToolSource="c:\program files\arcgis\pro\Resources\ArcToolbox\toolboxes\Data Management Tools.tbx\Project" Date="20200716" Time="145714">Project StreamArea_toedit G:\tatumj\WinterSpring2020Processing\LidarJuly2020\lidarjuly2020.gdb\StreamArea_toedit_Project PROJCS['NAD_1983_HARN_StatePlane_Washington_South_FIPS_4602_Feet',GEOGCS['GCS_North_American_1983_HARN',DATUM['D_North_American_1983_HARN',SPHEROID['GRS_1980',6378137.0,298.257222101]],PRIMEM['Greenwich',0.0],UNIT['Degree',0.0174532925199433]],PROJECTION['Lambert_Conformal_Conic'],PARAMETER['False_Easting',1640416.666666667],PARAMETER['False_Northing',0.0],PARAMETER['Central_Meridian',-120.5],PARAMETER['Standard_Parallel_1',45.83333333333334],PARAMETER['Standard_Parallel_2',47.33333333333334],PARAMETER['Latitude_Of_Origin',45.33333333333334],UNIT['Foot_US',0.3048006096012192]] # PROJCS['NAD_1983_HARN_StatePlane_Washington_South_FIPS_4602_Feet',GEOGCS['GCS_NAD83(HARN)',DATUM['D_North_American_1983_HARN',SPHEROID['GRS_1980',6378137.0,298.257222101]],PRIMEM['Greenwich',0.0],UNIT['Degree',0.0174532925199433]],PROJECTION['Lambert_Conformal_Conic'],PARAMETER['false_easting',1640416.667],PARAMETER['false_northing',0.0],PARAMETER['central_meridian',-120.5],PARAMETER['standard_parallel_1',45.83333333333334],PARAMETER['standard_parallel_2',47.33333333333334],PARAMETER['latitude_of_origin',45.33333333333334],UNIT['Foot_US',0.3048006096012192]] NO_PRESERVE_SHAPE # NO_VERTICAL</Process><Process ToolSource="c:\program files\arcgis\pro\Resources\ArcToolbox\toolboxes\Data Management Tools.tbx\Merge" Date="20200718" Time="143041">Merge StreamArea_toedit_Project;LidarWater2_Dissolved;MF_NHD G:\tatumj\WinterSpring2020Processing\LidarJuly2020\lidarjuly2020.gdb\mergedRiver "ID "ID" true true false 8 Double 0 0,First,#,StreamArea_toedit_Project,ID,-1,-1;InPoly_FID "InPoly_FID" true true false 4 Long 0 0,First,#,StreamArea_toedit_Project,InPoly_FID,-1,-1;SmoPgnFlag "SmoPgnFlag" true true false 4 Long 0 0,First,#,StreamArea_toedit_Project,SmoPgnFlag,-1,-1;Shape_Leng "Shape_Leng" true true false 8 Double 0 0,First,#,StreamArea_toedit_Project,Shape_Leng,-1,-1;Shape_Length "Shape_Length" false true true 8 Double 0 0,First,#,StreamArea_toedit_Project,Shape_Length,-1,-1,LidarWater2_Dissolved,Shape_Length,-1,-1,MF_NHD,Shape_Length,-1,-1;Shape_Area "Shape_Area" false true true 8 Double 0 0,First,#,StreamArea_toedit_Project,Shape_Area,-1,-1,LidarWater2_Dissolved,Shape_Area,-1,-1,MF_NHD,Shape_Area,-1,-1;Permanent_Identifier "Permanent_Identifier" true true false 40 Text 0 0,First,#,MF_NHD,Permanent_Identifier,0,40;FDate "FDate" true true false 8 Date 0 0,First,#,MF_NHD,FDate,-1,-1;Resolution "Resolution" true true false 4 Long 0 0,First,#,MF_NHD,Resolution,-1,-1;GNIS_ID "GNIS_ID" true true false 10 Text 0 0,First,#,MF_NHD,GNIS_ID,0,10;GNIS_Name "GNIS_Name" true true false 65 Text 0 0,First,#,MF_NHD,GNIS_Name,0,65;AreaSqKm "AreaSqKm" true true false 8 Double 0 0,First,#,MF_NHD,AreaSqKm,-1,-1;Elevation "Elevation" true true false 8 Double 0 0,First,#,MF_NHD,Elevation,-1,-1;FType "FType" true true false 4 Long 0 0,First,#,MF_NHD,FType,-1,-1;FCode "FCode" true true false 4 Long 0 0,First,#,MF_NHD,FCode,-1,-1;VisibilityFilter "VisibilityFilter" true true false 4 Long 0 0,First,#,MF_NHD,VisibilityFilter,-1,-1" NO_SOURCE_INFO</Process><Process ToolSource="c:\program files\arcgis\pro\Resources\ArcToolbox\toolboxes\Analysis Tools.tbx\Erase" Date="20200718" Time="143131">Erase mergedRiver islands_for_edits G:\tatumj\WinterSpring2020Processing\LidarJuly2020\lidarjuly2020.gdb\mergedRiver_Erase #</Process><Process ToolSource="c:\program files\arcgis\pro\Resources\ArcToolbox\toolboxes\Data Management Tools.tbx\Dissolve" Date="20200718" Time="143225">Dissolve mergedRiver_Erase G:\tatumj\WinterSpring2020Processing\LidarJuly2020\lidarjuly2020.gdb\mergedRiver_Erase_Dissolve # # MULTI_PART DISSOLVE_LINES</Process><Process ToolSource="c:\program files\arcgis\pro\Resources\ArcToolbox\toolboxes\Data Management Tools.tbx\Dissolve" Date="20200718" Time="151236">Dissolve mergedRiver_Erase_Dissolve G:\tatumj\WinterSpring2020Processing\LidarJuly2020\lidarjuly2020.gdb\mergedRiver_Erase_Dissolve2 # # SINGLE_PART DISSOLVE_LINES</Process><Process ToolSource="c:\program files\arcgis\pro\Resources\ArcToolbox\toolboxes\Data Management Tools.tbx\Dissolve" Date="20200718" Time="155124">Dissolve mergedRiver_Erase_Dissolve2 G:\tatumj\WinterSpring2020Processing\LidarJuly2020\lidarjuly2020.gdb\mergedRiver_Erase_Dissolve3 # # SINGLE_PART DISSOLVE_LINES</Process><Process ToolSource="c:\program files\arcgis\pro\Resources\ArcToolbox\toolboxes\Data Management Tools.tbx\Dissolve" Date="20200718" Time="194201">Dissolve G:\tatumj\WinterSpring2020Processing\LidarJuly2020\LidarJuly2020.gdb\mergedRiver_Erase_Dissolve3 G:\tatumj\WinterSpring2020Processing\LidarJuly2020\lidarjuly2020.gdb\mergedRiver_Erase_Dissolve4 # # SINGLE_PART DISSOLVE_LINES</Process><Process ToolSource="c:\program files\arcgis\pro\Resources\ArcToolbox\toolboxes\Data Management Tools.tbx\EliminatePolygonPart" Date="20200718" Time="194522">EliminatePolygonPart mergedRiver_Erase_Dissolve4 G:\tatumj\WinterSpring2020Processing\LidarJuly2020\lidarjuly2020.gdb\RiverArea_raw Area "300 SquareFeet" 0 CONTAINED_ONLY</Process><Process ToolSource="c:\program files\arcgis\pro\Resources\ArcToolbox\toolboxes\Data Management Tools.tbx\Dissolve" Date="20200718" Time="201105">Dissolve RiverArea_raw G:\tatumj\WinterSpring2020Processing\LidarJuly2020\lidarjuly2020.gdb\RiverArea_raw_Dissolve # # SINGLE_PART DISSOLVE_LINES</Process><Process ToolSource="c:\program files\arcgis\pro\Resources\ArcToolbox\toolboxes\Conversion Tools.tbx\FeatureClassToFeatureClass" Date="20200718" Time="201628">FeatureClassToFeatureClass RiverArea_raw_Dissolve G:\tatumj\Final_GIS_Layers\Hydrology RiverArea.shp # "Shape_Leng "Shape_Length" false true true 8 Double 0 0,First,#,RiverArea_raw_Dissolve,Shape_Length,-1,-1;Shape_Area "Shape_Area" false true true 8 Double 0 0,First,#,RiverArea_raw_Dissolve,Shape_Area,-1,-1" #</Process><Process ToolSource="c:\program files\arcgis\pro\Resources\ArcToolbox\toolboxes\Conversion Tools.tbx\FeatureClassToFeatureClass" Date="20201017" Time="204548">FeatureClassToFeatureClass RiverArea G:\draft_deliverables_Oct2020\hydrology RiverArea.shp # "Shape_Leng "Shape_Leng" true true false 19 Double 0 0,First,#,RiverArea,Shape_Leng,-1,-1;Shape_Area "Shape_Area" true true false 19 Double 0 0,First,#,RiverArea,Shape_Area,-1,-1" #</Process><Process ToolSource="c:\program files\arcgis\pro\Resources\ArcToolbox\toolboxes\Data Management Tools.tbx\Project" Date="20201231" Time="014247">Project RiverArea G:\Final_Deliverables_Dec2020\GIS_layers\Hydrology\RiverArea.shp PROJCS['NAD_1983_UTM_Zone_10N',GEOGCS['GCS_North_American_1983',DATUM['D_North_American_1983',SPHEROID['GRS_1980',6378137.0,298.257222101]],PRIMEM['Greenwich',0.0],UNIT['Degree',0.0174532925199433]],PROJECTION['Transverse_Mercator'],PARAMETER['False_Easting',500000.0],PARAMETER['False_Northing',0.0],PARAMETER['Central_Meridian',-123.0],PARAMETER['Scale_Factor',0.9996],PARAMETER['Latitude_Of_Origin',0.0],UNIT['Meter',1.0]] NAD_1983_To_HARN_WA_OR PROJCS['NAD_1983_HARN_StatePlane_Washington_South_FIPS_4602_Feet',GEOGCS['GCS_North_American_1983_HARN',DATUM['D_North_American_1983_HARN',SPHEROID['GRS_1980',6378137.0,298.257222101]],PRIMEM['Greenwich',0.0],UNIT['Degree',0.0174532925199433]],PROJECTION['Lambert_Conformal_Conic'],PARAMETER['False_Easting',1640416.666666667],PARAMETER['False_Northing',0.0],PARAMETER['Central_Meridian',-120.5],PARAMETER['Standard_Parallel_1',45.83333333333334],PARAMETER['Standard_Parallel_2',47.33333333333334],PARAMETER['Latitude_Of_Origin',45.33333333333334],UNIT['Foot_US',0.3048006096012192]] NO_PRESERVE_SHAPE # NO_VERTICAL</Process><Process ToolSource="c:\program files\arcgis\pro\Resources\ArcToolbox\toolboxes\Conversion Tools.tbx\FeatureClassToFeatureClass" Date="20210115" Time="213436">FeatureClassToFeatureClass RiverArea C:\ShadeModel_Jan14 RiverArea.shp # "Shape_Leng "Shape_Leng" true true false 19 Double 0 0,First,#,RiverArea,Shape_Leng,-1,-1;Shape_Area "Shape_Area" true true false 19 Double 0 0,First,#,RiverArea,Shape_Area,-1,-1" #</Process><Process ToolSource="c:\program files\arcgis\pro\Resources\ArcToolbox\toolboxes\Conversion Tools.tbx\FeatureClassToFeatureClass" Date="20210227" Time="122829">FeatureClassToFeatureClass RiverArea C:\ShadeModelCorrector\ShadeModelHome.gdb RiverArea # "Shape_Leng "Shape_Leng" true true false 19 Double 0 0,First,#,RiverArea,Shape_Leng,-1,-1;Shape_Area "Shape_Area" true true false 19 Double 0 0,First,#,RiverArea,Shape_Area,-1,-1" #</Process><Process ToolSource="c:\program files\arcgis\pro\Resources\ArcToolbox\toolboxes\Data Management Tools.tbx\Project" Date="20210227" Time="225039">Project RiverArea C:\ShadeModel_Jan14\GreatBigShadeModel\GreatBigShadeModel.gdb\RiverArea_Project PROJCS['NAD_1983_HARN_StatePlane_Washington_South_FIPS_4602_Feet',GEOGCS['GCS_North_American_1983_HARN',DATUM['D_North_American_1983_HARN',SPHEROID['GRS_1980',6378137.0,298.257222101]],PRIMEM['Greenwich',0.0],UNIT['Degree',0.0174532925199433]],PROJECTION['Lambert_Conformal_Conic'],PARAMETER['False_Easting',1640416.666666667],PARAMETER['False_Northing',0.0],PARAMETER['Central_Meridian',-120.5],PARAMETER['Standard_Parallel_1',45.83333333333334],PARAMETER['Standard_Parallel_2',47.33333333333334],PARAMETER['Latitude_Of_Origin',45.33333333333334],UNIT['Foot_US',0.3048006096012192]] NAD_1983_To_HARN_WA_OR PROJCS['NAD_1983_UTM_Zone_10N',GEOGCS['GCS_North_American_1983',DATUM['D_North_American_1983',SPHEROID['GRS_1980',6378137.0,298.257222101]],PRIMEM['Greenwich',0.0],UNIT['Degree',0.0174532925199433]],PROJECTION['Transverse_Mercator'],PARAMETER['False_Easting',500000.0],PARAMETER['False_Northing',0.0],PARAMETER['Central_Meridian',-123.0],PARAMETER['Scale_Factor',0.9996],PARAMETER['Latitude_Of_Origin',0.0],UNIT['Meter',1.0]] NO_PRESERVE_SHAPE # NO_VERTICAL</Process><Process ToolSource="c:\program files\arcgis\pro\Resources\ArcToolbox\toolboxes\Conversion Tools.tbx\FeatureClassToFeatureClass" Date="20210227" Time="225229">FeatureClassToFeatureClass RiverArea_Project C:\ShadeModelCorrector\ShadeModelHome.gdb RiverArea # "Shape_Leng "Shape_Leng" true true false 8 Double 0 0,First,#,RiverArea_Project,Shape_Leng,-1,-1;Shape_Length "Shape_Length" false true true 8 Double 0 0,First,#,RiverArea_Project,Shape_Length,-1,-1;Shape_Area "Shape_Area" false true true 8 Double 0 0,First,#,RiverArea_Project,Shape_Area,-1,-1" #</Process><Process ToolSource="c:\program files\arcgis\pro\Resources\ArcToolbox\toolboxes\Analysis Tools.tbx\Clip" Date="20210228" Time="142204">Clip RiverArea demoExtent C:\ShadeModelCorrector\ShadeModelHome.gdb\RiverArea_Demo #</Process><Process ToolSource="c:\program files\arcgis\pro\Resources\ArcToolbox\toolboxes\Conversion Tools.tbx\FeatureClassToFeatureClass" Date="20210228" Time="181433">FeatureClassToFeatureClass RiverArea_Demo C:\ShadeModelCorrector RiverArea_Demo.shp # "Shape_Leng "Shape_Leng" true true false 8 Double 0 0,First,#,RiverArea_Demo,Shape_Leng,-1,-1;Shape_Le_1 "Shape_Length" false true true 8 Double 0 0,First,#,RiverArea_Demo,Shape_Length,-1,-1;Shape_Area "Shape_Area" false true true 8 Double 0 0,First,#,RiverArea_Demo,Shape_Area,-1,-1" #</Process></lineage></DataProperties><SyncDate>20210228</SyncDate><SyncTime>18143300</SyncTime><ModDate>20210228</ModDate><ModTime>18143300</ModTime></Esri><dataIdInfo><envirDesc Sync="TRUE">Microsoft Windows 10 Version 10.0 (Build 19041) ; Esri ArcGIS 12.5.1.22081</envirDesc><dataLang><languageCode value="eng" Sync="TRUE"></languageCode><countryCode value="USA" Sync="TRUE"></countryCode></dataLang><idCitation><resTitle Sync="TRUE">RiverArea_Demo</resTitle><presForm><PresFormCd value="005" Sync="TRUE"></PresFormCd></presForm></idCitation><spatRpType><SpatRepTypCd value="001" Sync="TRUE"></SpatRepTypCd></spatRpType></dataIdInfo><mdLang><languageCode value="eng" Sync="TRUE"></languageCode><countryCode value="USA" Sync="TRUE"></countryCode></mdLang><distInfo><distFormat><formatName Sync="TRUE">Shapefile</formatName></distFormat><distTranOps><transSize Sync="TRUE">0.000</transSize></distTranOps></distInfo><mdHrLv><ScopeCd value="005" Sync="TRUE"></ScopeCd></mdHrLv><mdHrLvName Sync="TRUE">dataset</mdHrLvName><refSysInfo><RefSystem><refSysID><identCode code="2927" Sync="TRUE"></identCode><idCodeSpace Sync="TRUE">EPSG</idCodeSpace><idVersion Sync="TRUE">8.9.3(9.0.0)</idVersion></refSysID></RefSystem></refSysInfo><spatRepInfo><VectSpatRep><geometObjs Name="RiverArea_Demo"><geoObjTyp><GeoObjTypCd value="002" Sync="TRUE"></GeoObjTypCd></geoObjTyp><geoObjCnt Sync="TRUE">0</geoObjCnt></geometObjs><topLvl><TopoLevCd value="001" Sync="TRUE"></TopoLevCd></topLvl></VectSpatRep></spatRepInfo><spdoinfo><ptvctinf><esriterm Name="RiverArea_Demo"><efeatyp Sync="TRUE">Simple</efeatyp><efeageom code="4" Sync="TRUE"></efeageom><esritopo Sync="TRUE">FALSE</esritopo><efeacnt Sync="TRUE">0</efeacnt><spindex Sync="TRUE">FALSE</spindex><linrefer Sync="TRUE">TRUE</linrefer></esriterm></ptvctinf></spdoinfo><eainfo><detailed Name="RiverArea_Demo"><enttyp><enttypl Sync="TRUE">RiverArea_Demo</enttypl><enttypt Sync="TRUE">Feature Class</enttypt><enttypc Sync="TRUE">0</enttypc></enttyp><attr><attrlabl Sync="TRUE">FID</attrlabl><attalias Sync="TRUE">FID</attalias><attrtype Sync="TRUE">OID</attrtype><attwidth Sync="TRUE">4</attwidth><atprecis Sync="TRUE">0</atprecis><attscale Sync="TRUE">0</attscale><attrdef Sync="TRUE">Internal feature number.</attrdef><attrdefs Sync="TRUE">Esri</attrdefs><attrdomv><udom Sync="TRUE">Sequential unique whole numbers that are automatically generated.</udom></attrdomv></attr><attr><attrlabl Sync="TRUE">Shape</attrlabl><attalias Sync="TRUE">Shape</attalias><attrtype Sync="TRUE">Geometry</attrtype><attwidth Sync="TRUE">0</attwidth><atprecis Sync="TRUE">0</atprecis><attscale Sync="TRUE">0</attscale><attrdef Sync="TRUE">Feature geometry.</attrdef><attrdefs Sync="TRUE">Esri</attrdefs><attrdomv><udom Sync="TRUE">Coordinates defining the features.</udom></attrdomv></attr><attr><attrlabl Sync="TRUE">Shape_Leng</attrlabl><attalias Sync="TRUE">Shape_Leng</attalias><attrtype Sync="TRUE">Double</attrtype><attwidth Sync="TRUE">19</attwidth><atprecis Sync="TRUE">0</atprecis><attscale Sync="TRUE">0</attscale></attr><attr><attrlabl Sync="TRUE">Shape_Le_1</attrlabl><attalias Sync="TRUE">Shape_Le_1</attalias><attrtype Sync="TRUE">Double</attrtype><attwidth Sync="TRUE">19</attwidth><atprecis Sync="TRUE">0</atprecis><attscale Sync="TRUE">0</attscale></attr><attr><attrlabl Sync="TRUE">Shape_Area</attrlabl><attalias Sync="TRUE">Shape_Area</attalias><attrtype Sync="TRUE">Double</attrtype><attwidth Sync="TRUE">19</attwidth><atprecis Sync="TRUE">0</atprecis><attscale Sync="TRUE">0</attscale><attrdef Sync="TRUE">Area of feature in internal units squared.</attrdef><attrdefs Sync="TRUE">Esri</attrdefs><attrdomv><udom Sync="TRUE">Positive real numbers that are automatically generated.</udom></attrdomv></attr></detailed></eainfo><mdDateSt Sync="TRUE">20210228</mdDateSt><mdChar><CharSetCd value="004" Sync="TRUE"></CharSetCd></mdChar></metadata>
